{"cameraMode":{"drawMode":0,"name":"Shaded","section":"Shading Mode"},"sceneLighting":true,"audioPlay":false,"sceneViewState":{"showFog":true,"showMaterialUpdate":false,"showSkybox":true,"showFlares":true,"showImageEffects":true,"showParticleSystems":true},"in2DMode":false,"pivot":{"x":-43.85541915893555,"y":3.5200002193450929,"z":-32.01896667480469},"rotation":{"x":0.38810673356056216,"y":0.5903154015541077,"z":-0.3861548900604248,"w":0.5932365655899048},"size":5.362702369689941,"orthographic":false}