{"cameraMode":{"drawMode":0,"name":"Shaded","section":"Shading Mode"},"sceneLighting":true,"audioPlay":false,"sceneViewState":{"showFog":true,"showMaterialUpdate":false,"showSkybox":true,"showFlares":true,"showImageEffects":true,"showParticleSystems":true},"in2DMode":false,"pivot":{"x":-1011.1466064453125,"y":358.77081298828127,"z":1204.1097412109375},"rotation":{"x":0.23852017521858216,"y":-0.18424873054027558,"z":0.04614419490098953,"w":0.9523827433586121},"size":22.116418838500978,"orthographic":true}